MONSTER,x888t3XC,858
EUNGYO,CLBwDatq,497
BORN IDENTITY,E48l7BAW,711
Database,CjPnKA49,189
Dessinateur,a1ft271w,369
Rip's Toast,214rUrh1,705
Rescue on the River,n8lelh3m,111
Haeundae,7vE9cvsi,412
The Taste of Money,m042V8Lu,598
I Saw The Devil,6456xP9a,1099
Architecture,BZYp1VUK,728
primaryTitle,yDHdY24c,976
Carmencita,o7bE5iIn,698
Blacksmith Scene,T2UgsB3i,726
Miss Jerry,RxZQ6WkI,544
The Clown Barber,SG6LfaHe,977
The Derby 1895,9Prp7iuG,898
Whitesmith Scene,ivG58g2X,830
The Sea,LFz7IiEb,361
Opening of the Kiel Canal,XQ8omcqr,304
Baby's Dinner,sRL07dMp,819
Trick Riding,h06V8VaW,859
Watering the Flowers,jnz77eV4,843
Awakening of Rip,rm02NFg3,161
Sea Bathing,nf7g4E1H,429
The Ball Game,57utqU88,607
Barnet Horse Fair,RNELx97L,945
Dancing Darkies,MlV76ymX,467
Dancing Girls,bvOP3D4F,173
Danse serpentine,V556b0kL,115
Buffalo Bill's Show Parade,i63ume1b,645
Apart,w9kiIIQ6,216
House,tcj8Lb95,221
Flower,MAO3IM22,850
Unloading the Boat,Fl2780Q1,793
Post No Bills,G3UVdb50,911
Automobiles Starting a Race,5AcuNb1g,527
Towing a Boat on the River,1SKBY8zM,113
A Hard Wash,3243i90u,659
Gardener Burning Weeds,827otb80,231
Mouse,4z44dN5t,309
Cellphone,4owNUVmQ,598
Market Day,vEWajU36,212
The House of the Devil,6RbZ1Pjm,241
Rip Leaving Sleepy Hollow,Ng4Xq4k1,899
Rip Meeting the Dwarf,oHm184U1,494
Rip Passing Over the Mountain,z4wBN6x4,491
Computer,L1GS495S,527
Speaker,1A9lhDtV,391
Keyboard,wE1Pp40X,580
French Regiment Going to the Parade,G5x4LDA9,463
Apple,nybOcSNI,871
Toward a developer,9syxkVIc,413
Melbourne,7EuHC1CZ,288
Miss de Vere,L9QEUQ8c,614
Place de la Bastille,m1058642,215
The Beach at Villiers in a Gale,LhXK8neW,386
Smarter than the Teacher,AVvU7y5e,810
Closing Hours at Vibert's Perfume Factory,yj0Rx6EY,153
Conjuring,IdA0rJ38,937
The Terrible Railway Accident,96P2gf8p,105
Tom Old Boot,X0Jwn8i4,944
Les tribulations d'un concierge,2AsPc72v,105
Academy for Young Ladies,t2C0gICk,689
Un petit diable,E1Jc50AA,1062
Erreur judiciaire,EQhGVMyG,524
A Terrible Night,qM44umW8,769
Card Party,kv01bg0S,361
La voiture du potier,28w5c5zv,977
The Wandering Negro Minstrels,0omvs7mF,942
A Watermelon Feast,7kxPe45M,976
The Bewitched Inn,Zphcrqon,1037
Baignade dans le torrent,gjxk3mWc,146
Ballet libella,xGtxTXUK,521
Buffalo Bill and Escort,Mv8HdOJb,337
Les cambrioleurs,i1WGhdAx,180
En classe,y388jOW8,824
Le cocher de fiacre endormi,WhQT8R16,190
The Corbett-Fitzsimmons Fight,vgTVgBXw,210
Le Coucher d'Yvette,G0a19171,642
Behind the Scenes,e09lDa8M,568
Danse fleur de lotus,FK4iyy27,233
Faust et Marguerite,TuP898zk,418
The Hallucinated Alchemist,50cgI1AE,543
The Haunted Castle,9N5Mp708,626
Henley Regatta,c14HMOVK,655
The Hypnotist at Work,HFf0Wr94,843
A Badly Managed Hotel,zi0M94Iy,473
Idylle,9502Ig2j,757
Idylle interrompue,Gk7ueA94,1076
The Devil's Laboratory,40wK4mC6,924
The Last Days of Pompeii,8r6gT68M,980
Niagara Falls,OONTB788,538
Le planton du colonel,61J2tZLR,897
The Twins' Tea Party,4s9rTlVR,692
The X-Ray Fiend,mZlbvQ69,805
Battle of Santiago Bay,wBUuJt3k,144
A Sea Cave Near Lisbon,fx7I247i,915
Brittania,41i6e73e,473
The Burglar on the Roof,2d97TR3h,837
The Cavalier's Dream,Xb76v7d9,758
The Cave of the Demons,yPe4z6uG,473
Le chemin de croix,JqudLg5l,573
Cinderella,kivP2i0R,398
The Corsican Brothers,f3zcFdxG,289
Cripple Creek Bar-Room Scene,bB2yHBRU,697
The Deserter,hse9ihRK,251
Dorotea,Wx9m7izn,997
"Ella Lola, a la Trilby",d4Z3QD1Y,821
Express Train on a Railway Cutting,nysb88zP,381
Les farces de Jocko,8uOL2XE0,118
Faust and Mephistopheles,jb5s9ZJL,369
La flagellation,eQE57PK7,277
Glasgow Fire Engine,L11B0G53,572
Gran corrida de toros,OjplG43T,606
Indian War Council,bGsexMtv,281
Le jardin des oliviers,gTfXEPOA,1091
Je vous y prrrrends!,8bouLHmV,1003
London Express,jNAtVhmf,524
The Miller and Chimney Sweep,aJpzLqqf,259
Photographing a Ghost,0P28KVF2,318
A Novice at X-rays,hQ8n3GM4,1075
A Trip to the Moon,790ZOrSp,857
Saida do Paquete Duque de Braganca,01l81y1J,135
Tearing Down the Spanish Flag,DXEOMu50,490
Waves and Spray,eJS5B8LB,226
L'affaire Dreyfus,HCLBfaK9,836
Aladdin and the Wonderful Lamp,3o7YANM7,1071
The Artist and the Flower Girl,sRO01Yi9,683
Aspectos da Praia de Cascais,RTsNTY1K,173
Au cabaret,7j81H393,1023
L'aveugle,iJcPgTAz,502
Battlefield,1MlL63TR,756
Beauty and the Beast,jYEAZ6nS,683
Boat Race,F84K1YKH,622
Bombardment of Mafeking,FJQ0wamU,260
La bonne absinthe,dyN430Al,407
Casey at the Bat,8tT4UnRy,253
White princess,wo3ccvRP,456
Portuguese Railway Train,cff281c8,1000
Le chiffonnier,9It1RDHE,755
Cleopatra's Tomb,La7uYwU2,317
Haggard's She: The Pillar of Fire,K0b21017,123
Le crucifiement,o2x9g8F6,933
Les dangers de l'alcoolisme,aQIHhC9D,413
Danse serpentine par Mme. Bob Walter,wj2nXd1P,367
Distributing a War Extra,PS730DXw,601
La descente de croix,7U7Wplg9,777
The Sign of the Cross,h4gf2r3s,638
The Haunted House,5goQ5w6w,696
A Turn of the Century Illusionist,OEzv4AGB,234
King John,1ur42T23,782
A Kiss in the Tunnel,Ei17mCsu,961
The Legacy,n9zCCE0I,290
Llegada del vapor Bellver a Mallorca,u61z2oFg,346
Matches: An Appeal,GDOOKFKZ,693
La mauvaise soupe,KEVJycPU,879
The Miser's Doom,3C07o9yu,776
Monnaie de lapin,dSayCYwc,915
Panorama from the Tower of the Brooklyn Bridge,E7LvwvI2,472
Le tondeur de chiens,4i0Q377q,591
Le tonnelier,8nZiGpOq,227
Transformations,cao478fi,700
A Midnight Episode,mnw5Skp4,687
Un lunch,8D46710u,473
Summoning the Spirits,dET6fbt1,1058
Above the Limit,Mt78a5rH,869
Above the Speedway,8gEDnxCc,519
As Seen Through a Telescope,BmUHt3sg,968
Attack on a China Mission,gu8Pf978,211
Badinage,w5D5leG9,757
Bataille d'oreillers,8tc06b7m,462
Bataille de boules de neige,63q6817Q,839
University,a1Vkr7IB,315
USA,46g6JUUX,598
Company,1hlQzqtM,889
OS,S37N3t2Y,280
Chez le photographe,6gU4iLI5,530
Chinese Magic,XRb2Of80,176
The Clown and the Alchemist,X2I61r5C,881
La concierge,v7S2z1Ld,199
Coucher d'une Parisienne,hiLA7PJj,355
Dance de l'ivresse,82st0QFB,180
Dans les coulisses,4DdUAV48,837
Danse du papillon,2i11Ilnh,116
La danse du ventre,s1QQhZDu,740
Danse du voile,b9p87utD,651
2Passion,0hcqke3I,687
Danses,qSf0Lc1u,488
The Enchanted Drawing,nYSD8I2P,490
Faust and Marguerite,3V965iXu,358
Gavotte directoire,vC48bTgh,729
Grandma's Reading Glass,94x6hUNv,971
L'Habanera,KwI8dTWu,1074
Le duel d'Hamlet,LL6ei52D,1084
Happy Hooligan,6t11y5oc,430
The House That Jack Built,hzpHqvW8,1058
How It Feels to Be Run Over,uF5dn8eS,653
Chimmie Hicks and the Rum Omelet,8xe9FDhD,800
Le lapin,TPI0MZEJ,858
Let Me Dream Again,J28z2wpe,789
Undressing Extraordinary,16g28KIk,327
Les vagues,pMhTd4U2,452
Visita de la escuadra inglesa a Barcelona,C7x8S86r,732
Sleeping Beauty,94YjXpj9,728
Jyeol's Wild West Show,Y6jRnwN2,377
Carnaval en las ramblas,gbRW4H6D,613
Les chiens savants,ci4exWpp,507
Les clowns,1Z53pMN7,213
La cour des miracles,Bift9PAN,525
The Coronation of King Edward VII,y5B1Lec5,566
Danse excentrique,Degk6qgU,275
Mother Goose Nursery Rhymes,oK95cKVP,957
Le pommier,AZLhtYfC,1050
Pour secouer la salade,QCd8ZmiR,481
The Prince of Darkness,jWeLT3es,761
Midwife to the Upper Classes,3Q7TNI4s,441
Demolishing and Building Up the Star Theatre,s933F55y,946
The Troublesome Fly,cLH29r3G,223
Adventure of yk.Suh,uVvCV0Us,125
